Date,CORA Trail,Chance of Being Open,Classification,execution_date_long,execution_date
2023-07-30,Milford Trails,0.8837864,OPEN - LIKELY,2023-07-30 09:05:35,2023-07-30
2023-07-31,Milford Trails,0.8837864,OPEN - LIKELY,2023-07-30 09:05:35,2023-07-30
2023-08-01,Milford Trails,0.8837864,OPEN - LIKELY,2023-07-30 09:05:35,2023-07-30
2023-08-02,Milford Trails,0.8837864,OPEN - LIKELY,2023-07-30 09:05:35,2023-07-30
2023-08-03,Milford Trails,0.8837864,OPEN - LIKELY,2023-07-30 09:05:35,2023-07-30
2023-08-04,Milford Trails,0.8837864,OPEN - LIKELY,2023-07-30 09:05:35,2023-07-30
2023-08-05,Milford Trails,0.8837864,OPEN - LIKELY,2023-07-30 09:05:35,2023-07-30
2023-08-06,Milford Trails,0.8837864,OPEN - LIKELY,2023-07-30 09:05:35,2023-07-30
2023-07-30,Tower Park,0.89705056,OPEN - LIKELY,2023-07-30 09:05:35,2023-07-30
2023-07-31,Tower Park,0.9499397,OPEN - VERY LIKELY,2023-07-30 09:05:35,2023-07-30
2023-08-01,Tower Park,0.95522726,OPEN - VERY LIKELY,2023-07-30 09:05:35,2023-07-30
2023-08-02,Tower Park,0.9619533,OPEN - VERY LIKELY,2023-07-30 09:05:35,2023-07-30
2023-08-03,Tower Park,0.9623847,OPEN - VERY LIKELY,2023-07-30 09:05:35,2023-07-30
2023-08-04,Tower Park,0.9519096,OPEN - VERY LIKELY,2023-07-30 09:05:35,2023-07-30
2023-08-05,Tower Park,0.9471969,OPEN - VERY LIKELY,2023-07-30 09:05:35,2023-07-30
2023-08-06,Tower Park,0.9506012,OPEN - VERY LIKELY,2023-07-30 09:05:35,2023-07-30
2023-07-30,Devou Park,0.7825883,OPEN - LIKELY,2023-07-30 09:05:35,2023-07-30
2023-07-31,Devou Park,0.7825201,OPEN - LIKELY,2023-07-30 09:05:35,2023-07-30
2023-08-01,Devou Park,0.77702796,OPEN - LIKELY,2023-07-30 09:05:35,2023-07-30
2023-08-02,Devou Park,0.77702796,OPEN - LIKELY,2023-07-30 09:05:35,2023-07-30
2023-08-03,Devou Park,0.7789985,OPEN - LIKELY,2023-07-30 09:05:35,2023-07-30
2023-08-04,Devou Park,0.7810398,OPEN - LIKELY,2023-07-30 09:05:35,2023-07-30
2023-08-05,Devou Park,0.77509695,OPEN - LIKELY,2023-07-30 09:05:35,2023-07-30
2023-08-06,Devou Park,0.78442574,OPEN - LIKELY,2023-07-30 09:05:35,2023-07-30
2023-07-30,England Idlewild,0.67414093,UNSURE - LEANING OPEN,2023-07-30 09:05:35,2023-07-30
2023-07-31,England Idlewild,0.6920118,UNSURE - LEANING OPEN,2023-07-30 09:05:35,2023-07-30
2023-08-01,England Idlewild,0.6920118,UNSURE - LEANING OPEN,2023-07-30 09:05:35,2023-07-30
2023-08-02,England Idlewild,0.6913926,UNSURE - LEANING OPEN,2023-07-30 09:05:35,2023-07-30
2023-08-03,England Idlewild,0.6920118,UNSURE - LEANING OPEN,2023-07-30 09:05:35,2023-07-30
2023-08-04,England Idlewild,0.68935186,UNSURE - LEANING OPEN,2023-07-30 09:05:35,2023-07-30
2023-08-05,England Idlewild,0.6874119,UNSURE - LEANING OPEN,2023-07-30 09:05:35,2023-07-30
2023-08-06,England Idlewild,0.6901839,UNSURE - LEANING OPEN,2023-07-30 09:05:35,2023-07-30
2023-07-30,Hueston Woods,0.89477664,OPEN - LIKELY,2023-07-30 09:05:35,2023-07-30
2023-07-31,Hueston Woods,0.91311634,OPEN - VERY LIKELY,2023-07-30 09:05:35,2023-07-30
2023-08-01,Hueston Woods,0.92977166,OPEN - VERY LIKELY,2023-07-30 09:05:35,2023-07-30
2023-08-02,Hueston Woods,0.945497,OPEN - VERY LIKELY,2023-07-30 09:05:35,2023-07-30
2023-08-03,Hueston Woods,0.945497,OPEN - VERY LIKELY,2023-07-30 09:05:35,2023-07-30
2023-08-04,Hueston Woods,0.92849606,OPEN - VERY LIKELY,2023-07-30 09:05:35,2023-07-30
2023-08-05,Hueston Woods,0.88122183,OPEN - LIKELY,2023-07-30 09:05:35,2023-07-30
2023-08-06,Hueston Woods,0.92849606,OPEN - VERY LIKELY,2023-07-30 09:05:35,2023-07-30
2023-07-30,Premier Health Bike Park,0.6359448,UNSURE - LEANING OPEN,2023-07-30 09:05:35,2023-07-30
2023-07-31,Premier Health Bike Park,0.8877442,OPEN - LIKELY,2023-07-30 09:05:35,2023-07-30
2023-08-01,Premier Health Bike Park,0.8879188,OPEN - LIKELY,2023-07-30 09:05:35,2023-07-30
2023-08-02,Premier Health Bike Park,0.8931913,OPEN - LIKELY,2023-07-30 09:05:35,2023-07-30
2023-08-03,Premier Health Bike Park,0.8931913,OPEN - LIKELY,2023-07-30 09:05:35,2023-07-30
2023-08-04,Premier Health Bike Park,0.8693986,OPEN - LIKELY,2023-07-30 09:05:35,2023-07-30
2023-08-05,Premier Health Bike Park,0.8458338,OPEN - LIKELY,2023-07-30 09:05:35,2023-07-30
2023-08-06,Premier Health Bike Park,0.8573127,OPEN - LIKELY,2023-07-30 09:05:35,2023-07-30
2023-07-30,Caesar Creek,0.86562777,OPEN - LIKELY,2023-07-30 09:05:35,2023-07-30
2023-07-31,Caesar Creek,0.8746801,OPEN - LIKELY,2023-07-30 09:05:35,2023-07-30
2023-08-01,Caesar Creek,0.9133018,OPEN - VERY LIKELY,2023-07-30 09:05:35,2023-07-30
2023-08-02,Caesar Creek,0.90922314,OPEN - VERY LIKELY,2023-07-30 09:05:35,2023-07-30
2023-08-03,Caesar Creek,0.90922314,OPEN - VERY LIKELY,2023-07-30 09:05:35,2023-07-30
2023-08-04,Caesar Creek,0.87501174,OPEN - LIKELY,2023-07-30 09:05:35,2023-07-30
2023-08-05,Caesar Creek,0.83468556,OPEN - LIKELY,2023-07-30 09:05:35,2023-07-30
2023-08-06,Caesar Creek,0.9065643,OPEN - VERY LIKELY,2023-07-30 09:05:35,2023-07-30
2023-07-30,Harbin Park,0.8692438,OPEN - LIKELY,2023-07-30 09:05:35,2023-07-30
2023-07-31,Harbin Park,0.8670787,OPEN - LIKELY,2023-07-30 09:05:35,2023-07-30
2023-08-01,Harbin Park,0.87487406,OPEN - LIKELY,2023-07-30 09:05:35,2023-07-30
2023-08-02,Harbin Park,0.8949675,OPEN - LIKELY,2023-07-30 09:05:35,2023-07-30
2023-08-03,Harbin Park,0.87075347,OPEN - LIKELY,2023-07-30 09:05:35,2023-07-30
2023-08-04,Harbin Park,0.8692438,OPEN - LIKELY,2023-07-30 09:05:35,2023-07-30
2023-08-05,Harbin Park,0.673041,UNSURE - LEANING OPEN,2023-07-30 09:05:35,2023-07-30
2023-08-06,Harbin Park,0.87302226,OPEN - LIKELY,2023-07-30 09:05:35,2023-07-30
2023-07-30,Mount Airy Forest,0.8259765,OPEN - LIKELY,2023-07-30 09:05:35,2023-07-30
2023-07-31,Mount Airy Forest,0.8236973,OPEN - LIKELY,2023-07-30 09:05:35,2023-07-30
2023-08-01,Mount Airy Forest,0.8259765,OPEN - LIKELY,2023-07-30 09:05:35,2023-07-30
2023-08-02,Mount Airy Forest,0.83260494,OPEN - LIKELY,2023-07-30 09:05:35,2023-07-30
2023-08-03,Mount Airy Forest,0.83260494,OPEN - LIKELY,2023-07-30 09:05:35,2023-07-30
2023-08-04,Mount Airy Forest,0.8268415,OPEN - LIKELY,2023-07-30 09:05:35,2023-07-30
2023-08-05,Mount Airy Forest,0.79550356,OPEN - LIKELY,2023-07-30 09:05:35,2023-07-30
2023-08-06,Mount Airy Forest,0.8259765,OPEN - LIKELY,2023-07-30 09:05:35,2023-07-30
2023-07-30,Mitchell Memorial Forest,0.7032876,UNSURE - LEANING OPEN,2023-07-30 09:05:35,2023-07-30
2023-07-31,Mitchell Memorial Forest,0.7871209,OPEN - LIKELY,2023-07-30 09:05:35,2023-07-30
2023-08-01,Mitchell Memorial Forest,0.7382748,UNSURE - LEANING OPEN,2023-07-30 09:05:35,2023-07-30
2023-08-02,Mitchell Memorial Forest,0.65433466,UNSURE - LEANING OPEN,2023-07-30 09:05:35,2023-07-30
2023-08-03,Mitchell Memorial Forest,0.643599,UNSURE - LEANING OPEN,2023-07-30 09:05:35,2023-07-30
2023-08-04,Mitchell Memorial Forest,0.70404375,UNSURE - LEANING OPEN,2023-07-30 09:05:35,2023-07-30
2023-08-05,Mitchell Memorial Forest,0.7411685,UNSURE - LEANING OPEN,2023-07-30 09:05:35,2023-07-30
2023-08-06,Mitchell Memorial Forest,0.70720977,UNSURE - LEANING OPEN,2023-07-30 09:05:35,2023-07-30
2023-07-30,East Fork State Park,0.5299389,UNSURE - LEANING OPEN,2023-07-30 09:05:35,2023-07-30
2023-07-31,East Fork State Park,0.64836055,UNSURE - LEANING OPEN,2023-07-30 09:05:35,2023-07-30
2023-08-01,East Fork State Park,0.6449972,UNSURE - LEANING OPEN,2023-07-30 09:05:35,2023-07-30
2023-08-02,East Fork State Park,0.65259504,UNSURE - LEANING OPEN,2023-07-30 09:05:35,2023-07-30
2023-08-03,East Fork State Park,0.66103625,UNSURE - LEANING OPEN,2023-07-30 09:05:35,2023-07-30
2023-08-04,East Fork State Park,0.60943,UNSURE - LEANING OPEN,2023-07-30 09:05:35,2023-07-30
2023-08-05,East Fork State Park,0.6301084,UNSURE - LEANING OPEN,2023-07-30 09:05:35,2023-07-30
2023-08-06,East Fork State Park,0.6241428,UNSURE - LEANING OPEN,2023-07-30 09:05:35,2023-07-30
2023-07-30,Landen Deerfield,0.89616394,OPEN - LIKELY,2023-07-30 09:05:35,2023-07-30
2023-07-31,Landen Deerfield,0.8924262,OPEN - LIKELY,2023-07-30 09:05:35,2023-07-30
2023-08-01,Landen Deerfield,0.9146774,OPEN - VERY LIKELY,2023-07-30 09:05:35,2023-07-30
2023-08-02,Landen Deerfield,0.9107299,OPEN - VERY LIKELY,2023-07-30 09:05:35,2023-07-30
2023-08-03,Landen Deerfield,0.8853097,OPEN - LIKELY,2023-07-30 09:05:35,2023-07-30
2023-08-04,Landen Deerfield,0.9008647,OPEN - VERY LIKELY,2023-07-30 09:05:35,2023-07-30
2023-08-05,Landen Deerfield,0.81742173,OPEN - LIKELY,2023-07-30 09:05:35,2023-07-30
2023-08-06,Landen Deerfield,0.90131575,OPEN - VERY LIKELY,2023-07-30 09:05:35,2023-07-30
2023-07-31,Milford Trails,0.8854097127914429,OPEN - LIKELY,2023-07-31 09:10:41,2023-07-31
2023-08-01,Milford Trails,0.8837863802909851,OPEN - LIKELY,2023-07-31 09:10:41,2023-07-31
2023-08-02,Milford Trails,0.8837863802909851,OPEN - LIKELY,2023-07-31 09:10:41,2023-07-31
2023-08-03,Milford Trails,0.8837863802909851,OPEN - LIKELY,2023-07-31 09:10:41,2023-07-31
2023-08-04,Milford Trails,0.8837863802909851,OPEN - LIKELY,2023-07-31 09:10:41,2023-07-31
2023-08-05,Milford Trails,0.8485486507415771,OPEN - LIKELY,2023-07-31 09:10:41,2023-07-31
2023-08-06,Milford Trails,0.8583527207374573,OPEN - LIKELY,2023-07-31 09:10:41,2023-07-31
2023-08-07,Milford Trails,0.8812772035598755,OPEN - LIKELY,2023-07-31 09:10:41,2023-07-31
2023-07-31,Tower Park,0.9488491415977478,OPEN - VERY LIKELY,2023-07-31 09:10:41,2023-07-31
2023-08-01,Tower Park,0.957218587398529,OPEN - VERY LIKELY,2023-07-31 09:10:41,2023-07-31
2023-08-02,Tower Park,0.9619532823562622,OPEN - VERY LIKELY,2023-07-31 09:10:41,2023-07-31
2023-08-03,Tower Park,0.9629814028739928,OPEN - VERY LIKELY,2023-07-31 09:10:41,2023-07-31
2023-08-04,Tower Park,0.9617581963539124,OPEN - VERY LIKELY,2023-07-31 09:10:41,2023-07-31
2023-08-05,Tower Park,0.3142251968383789,UNSURE - LEANING CLOSED,2023-07-31 09:10:41,2023-07-31
2023-08-06,Tower Park,0.8223651647567749,OPEN - LIKELY,2023-07-31 09:10:41,2023-07-31
2023-08-07,Tower Park,0.6826708316802979,UNSURE - LEANING OPEN,2023-07-31 09:10:41,2023-07-31
2023-07-31,Devou Park,0.7825201153755188,OPEN - LIKELY,2023-07-31 09:10:41,2023-07-31
2023-08-01,Devou Park,0.7825201153755188,OPEN - LIKELY,2023-07-31 09:10:41,2023-07-31
2023-08-02,Devou Park,0.7819660305976868,OPEN - LIKELY,2023-07-31 09:10:41,2023-07-31
2023-08-03,Devou Park,0.7891141772270203,OPEN - LIKELY,2023-07-31 09:10:41,2023-07-31
2023-08-04,Devou Park,0.783759593963623,OPEN - LIKELY,2023-07-31 09:10:41,2023-07-31
2023-08-05,Devou Park,0.2414553761482238,CLOSED - LIKELY,2023-07-31 09:10:41,2023-07-31
2023-08-06,Devou Park,0.5282029509544373,UNSURE - LEANING OPEN,2023-07-31 09:10:41,2023-07-31
2023-08-07,Devou Park,0.4033967554569244,UNSURE - LEANING CLOSED,2023-07-31 09:10:41,2023-07-31
2023-07-31,England Idlewild,0.6911824345588684,UNSURE - LEANING OPEN,2023-07-31 09:10:41,2023-07-31
2023-08-01,England Idlewild,0.692404568195343,UNSURE - LEANING OPEN,2023-07-31 09:10:41,2023-07-31
2023-08-02,England Idlewild,0.6913926005363464,UNSURE - LEANING OPEN,2023-07-31 09:10:41,2023-07-31
2023-08-03,England Idlewild,0.6901838779449463,UNSURE - LEANING OPEN,2023-07-31 09:10:41,2023-07-31
2023-08-04,England Idlewild,0.6819664835929871,UNSURE - LEANING OPEN,2023-07-31 09:10:41,2023-07-31
2023-08-05,England Idlewild,0.3881753385066986,UNSURE - LEANING CLOSED,2023-07-31 09:10:41,2023-07-31
2023-08-06,England Idlewild,0.5200589895248413,UNSURE - LEANING OPEN,2023-07-31 09:10:41,2023-07-31
2023-08-07,England Idlewild,0.6449756622314453,UNSURE - LEANING OPEN,2023-07-31 09:10:41,2023-07-31
2023-07-31,Hueston Woods,0.9131163358688354,OPEN - VERY LIKELY,2023-07-31 09:10:41,2023-07-31
2023-08-01,Hueston Woods,0.9454969763755798,OPEN - VERY LIKELY,2023-07-31 09:10:41,2023-07-31
2023-08-02,Hueston Woods,0.9454969763755798,OPEN - VERY LIKELY,2023-07-31 09:10:41,2023-07-31
2023-08-03,Hueston Woods,0.9554246068000792,OPEN - VERY LIKELY,2023-07-31 09:10:41,2023-07-31
2023-08-04,Hueston Woods,0.9488986134529114,OPEN - VERY LIKELY,2023-07-31 09:10:41,2023-07-31
2023-08-05,Hueston Woods,0.4041430354118347,UNSURE - LEANING CLOSED,2023-07-31 09:10:41,2023-07-31
2023-08-06,Hueston Woods,0.7539374828338623,OPEN - LIKELY,2023-07-31 09:10:41,2023-07-31
2023-08-07,Hueston Woods,0.7771823406219482,OPEN - LIKELY,2023-07-31 09:10:41,2023-07-31
2023-07-31,Premier Health Bike Park,0.8864925503730774,OPEN - LIKELY,2023-07-31 09:10:41,2023-07-31
2023-08-01,Premier Health Bike Park,0.8919931054115295,OPEN - LIKELY,2023-07-31 09:10:41,2023-07-31
2023-08-02,Premier Health Bike Park,0.8931912779808044,OPEN - LIKELY,2023-07-31 09:10:41,2023-07-31
2023-08-03,Premier Health Bike Park,0.8943593502044678,OPEN - LIKELY,2023-07-31 09:10:41,2023-07-31
2023-08-04,Premier Health Bike Park,0.8740026950836182,OPEN - LIKELY,2023-07-31 09:10:41,2023-07-31
2023-08-05,Premier Health Bike Park,0.3594251871109009,UNSURE - LEANING CLOSED,2023-07-31 09:10:41,2023-07-31
2023-08-06,Premier Health Bike Park,0.4959739744663238,UNSURE - LEANING CLOSED,2023-07-31 09:10:41,2023-07-31
2023-08-07,Premier Health Bike Park,0.6510564088821411,UNSURE - LEANING OPEN,2023-07-31 09:10:41,2023-07-31
2023-07-31,Caesar Creek,0.8729531764984131,OPEN - LIKELY,2023-07-31 09:10:41,2023-07-31
2023-08-01,Caesar Creek,0.90751975774765,OPEN - VERY LIKELY,2023-07-31 09:10:41,2023-07-31
2023-08-02,Caesar Creek,0.9092231392860411,OPEN - VERY LIKELY,2023-07-31 09:10:41,2023-07-31
2023-08-03,Caesar Creek,0.9115986227989196,OPEN - VERY LIKELY,2023-07-31 09:10:41,2023-07-31
2023-08-04,Caesar Creek,0.8929802179336548,OPEN - LIKELY,2023-07-31 09:10:41,2023-07-31
2023-08-05,Caesar Creek,0.3572485148906708,UNSURE - LEANING CLOSED,2023-07-31 09:10:41,2023-07-31
2023-08-06,Caesar Creek,0.9214784502983092,OPEN - VERY LIKELY,2023-07-31 09:10:41,2023-07-31
2023-08-07,Caesar Creek,0.4968326687812805,UNSURE - LEANING CLOSED,2023-07-31 09:10:41,2023-07-31
2023-07-31,Harbin Park,0.8670787215232849,OPEN - LIKELY,2023-07-31 09:10:41,2023-07-31
2023-08-01,Harbin Park,0.8908894658088684,OPEN - LIKELY,2023-07-31 09:10:41,2023-07-31
2023-08-02,Harbin Park,0.8949674963951111,OPEN - LIKELY,2023-07-31 09:10:41,2023-07-31
2023-08-03,Harbin Park,0.8998080492019653,OPEN - LIKELY,2023-07-31 09:10:41,2023-07-31
2023-08-04,Harbin Park,0.8135457038879395,OPEN - LIKELY,2023-07-31 09:10:41,2023-07-31
2023-08-05,Harbin Park,0.2198337465524673,CLOSED - LIKELY,2023-07-31 09:10:41,2023-07-31
2023-08-06,Harbin Park,0.8998080492019653,OPEN - LIKELY,2023-07-31 09:10:41,2023-07-31
2023-08-07,Harbin Park,0.5025901794433594,UNSURE - LEANING OPEN,2023-07-31 09:10:41,2023-07-31
2023-07-31,Mount Airy Forest,0.8236973285675049,OPEN - LIKELY,2023-07-31 09:10:41,2023-07-31
2023-08-01,Mount Airy Forest,0.8281798362731934,OPEN - LIKELY,2023-07-31 09:10:41,2023-07-31
2023-08-02,Mount Airy Forest,0.8326049447059631,OPEN - LIKELY,2023-07-31 09:10:41,2023-07-31
2023-08-03,Mount Airy Forest,0.8326049447059631,OPEN - LIKELY,2023-07-31 09:10:41,2023-07-31
2023-08-04,Mount Airy Forest,0.8141582012176514,OPEN - LIKELY,2023-07-31 09:10:41,2023-07-31
2023-08-05,Mount Airy Forest,0.2760998010635376,UNSURE - LEANING CLOSED,2023-07-31 09:10:41,2023-07-31
2023-08-06,Mount Airy Forest,0.8326049447059631,OPEN - LIKELY,2023-07-31 09:10:41,2023-07-31
2023-08-07,Mount Airy Forest,0.4901569187641144,UNSURE - LEANING CLOSED,2023-07-31 09:10:41,2023-07-31
2023-07-31,Mitchell Memorial Forest,0.7898952960968018,OPEN - LIKELY,2023-07-31 09:10:41,2023-07-31
2023-08-01,Mitchell Memorial Forest,0.7768873572349548,OPEN - LIKELY,2023-07-31 09:10:41,2023-07-31
2023-08-02,Mitchell Memorial Forest,0.6567220091819763,UNSURE - LEANING OPEN,2023-07-31 09:10:41,2023-07-31
2023-08-03,Mitchell Memorial Forest,0.7035347819328308,UNSURE - LEANING OPEN,2023-07-31 09:10:41,2023-07-31
2023-08-04,Mitchell Memorial Forest,0.7408535480499268,UNSURE - LEANING OPEN,2023-07-31 09:10:41,2023-07-31
2023-08-05,Mitchell Memorial Forest,0.2473776787519455,CLOSED - LIKELY,2023-07-31 09:10:41,2023-07-31
2023-08-06,Mitchell Memorial Forest,0.7267804741859436,UNSURE - LEANING OPEN,2023-07-31 09:10:41,2023-07-31
2023-08-07,Mitchell Memorial Forest,0.6110900044441223,UNSURE - LEANING OPEN,2023-07-31 09:10:41,2023-07-31
2023-07-31,East Fork State Park,0.648360550403595,UNSURE - LEANING OPEN,2023-07-31 09:10:41,2023-07-31
2023-08-01,East Fork State Park,0.660304844379425,UNSURE - LEANING OPEN,2023-07-31 09:10:41,2023-07-31
2023-08-02,East Fork State Park,0.652595043182373,UNSURE - LEANING OPEN,2023-07-31 09:10:41,2023-07-31
2023-08-03,East Fork State Park,0.6528957486152649,UNSURE - LEANING OPEN,2023-07-31 09:10:41,2023-07-31
2023-08-04,East Fork State Park,0.6359529495239258,UNSURE - LEANING OPEN,2023-07-31 09:10:41,2023-07-31
2023-08-05,East Fork State Park,0.5517078638076782,UNSURE - LEANING OPEN,2023-07-31 09:10:41,2023-07-31
2023-08-06,East Fork State Park,0.5077699422836304,UNSURE - LEANING OPEN,2023-07-31 09:10:41,2023-07-31
2023-08-07,East Fork State Park,0.6158638596534729,UNSURE - LEANING OPEN,2023-07-31 09:10:41,2023-07-31
2023-07-31,Landen Deerfield,0.8924261927604675,OPEN - LIKELY,2023-07-31 09:10:41,2023-07-31
2023-08-01,Landen Deerfield,0.908331334590912,OPEN - VERY LIKELY,2023-07-31 09:10:41,2023-07-31
2023-08-02,Landen Deerfield,0.9107298851013184,OPEN - VERY LIKELY,2023-07-31 09:10:41,2023-07-31
2023-08-03,Landen Deerfield,0.9087436199188232,OPEN - VERY LIKELY,2023-07-31 09:10:41,2023-07-31
2023-08-04,Landen Deerfield,0.9036810994148254,OPEN - VERY LIKELY,2023-07-31 09:10:41,2023-07-31
2023-08-05,Landen Deerfield,0.231952890753746,CLOSED - LIKELY,2023-07-31 09:10:41,2023-07-31
2023-08-06,Landen Deerfield,0.9386544227600098,OPEN - VERY LIKELY,2023-07-31 09:10:41,2023-07-31
2023-08-07,Landen Deerfield,0.552212119102478,UNSURE - LEANING OPEN,2023-07-31 09:10:41,2023-07-31
2023-08-01,Milford Trails,0.8837863802909851,OPEN - LIKELY,2023-08-01 17:05:55,2023-08-01
2023-08-02,Milford Trails,0.8837863802909851,OPEN - LIKELY,2023-08-01 17:05:55,2023-08-01
2023-08-03,Milford Trails,0.8883723616600037,OPEN - LIKELY,2023-08-01 17:05:55,2023-08-01
2023-08-04,Milford Trails,0.8858674764633179,OPEN - LIKELY,2023-08-01 17:05:55,2023-08-01
2023-08-05,Milford Trails,0.8837863802909851,OPEN - LIKELY,2023-08-01 17:05:55,2023-08-01
2023-08-06,Milford Trails,0.8837863802909851,OPEN - LIKELY,2023-08-01 17:05:55,2023-08-01
2023-08-07,Milford Trails,0.8812772035598755,OPEN - LIKELY,2023-08-01 17:05:55,2023-08-01
2023-08-08,Milford Trails,0.8837863802909851,OPEN - LIKELY,2023-08-01 17:05:55,2023-08-01
2023-08-01,Tower Park,0.8870345950126648,OPEN - LIKELY,2023-08-01 17:05:55,2023-08-01
2023-08-02,Tower Park,0.9586888551712036,OPEN - VERY LIKELY,2023-08-01 17:05:55,2023-08-01
2023-08-03,Tower Park,0.9574543237686156,OPEN - VERY LIKELY,2023-08-01 17:05:55,2023-08-01
2023-08-04,Tower Park,0.9404979944229126,OPEN - VERY LIKELY,2023-08-01 17:05:55,2023-08-01
2023-08-05,Tower Park,0.9515743255615234,OPEN - VERY LIKELY,2023-08-01 17:05:55,2023-08-01
2023-08-06,Tower Park,0.9460673332214355,OPEN - VERY LIKELY,2023-08-01 17:05:55,2023-08-01
2023-08-07,Tower Park,0.8258036971092224,OPEN - LIKELY,2023-08-01 17:05:55,2023-08-01
2023-08-08,Tower Park,0.9300564527511596,OPEN - VERY LIKELY,2023-08-01 17:05:55,2023-08-01
2023-08-01,Devou Park,0.7758922576904297,OPEN - LIKELY,2023-08-01 17:05:55,2023-08-01
2023-08-02,Devou Park,0.7912626266479492,OPEN - LIKELY,2023-08-01 17:05:55,2023-08-01
2023-08-03,Devou Park,0.78184974193573,OPEN - LIKELY,2023-08-01 17:05:55,2023-08-01
2023-08-04,Devou Park,0.779434323310852,OPEN - LIKELY,2023-08-01 17:05:55,2023-08-01
2023-08-05,Devou Park,0.7872092723846436,OPEN - LIKELY,2023-08-01 17:05:55,2023-08-01
2023-08-06,Devou Park,0.7601269483566284,OPEN - LIKELY,2023-08-01 17:05:55,2023-08-01
2023-08-07,Devou Park,0.635664701461792,UNSURE - LEANING OPEN,2023-08-01 17:05:55,2023-08-01
2023-08-08,Devou Park,0.7872092723846436,OPEN - LIKELY,2023-08-01 17:05:55,2023-08-01
2023-08-01,England Idlewild,0.6723957657814026,UNSURE - LEANING OPEN,2023-08-01 17:05:55,2023-08-01
2023-08-02,England Idlewild,0.6881288290023804,UNSURE - LEANING OPEN,2023-08-01 17:05:55,2023-08-01
2023-08-03,England Idlewild,0.6717966198921204,UNSURE - LEANING OPEN,2023-08-01 17:05:55,2023-08-01
2023-08-04,England Idlewild,0.692404568195343,UNSURE - LEANING OPEN,2023-08-01 17:05:55,2023-08-01
2023-08-05,England Idlewild,0.6901838779449463,UNSURE - LEANING OPEN,2023-08-01 17:05:55,2023-08-01
2023-08-06,England Idlewild,0.6474080085754395,UNSURE - LEANING OPEN,2023-08-01 17:05:55,2023-08-01
2023-08-07,England Idlewild,0.6514466404914856,UNSURE - LEANING OPEN,2023-08-01 17:05:55,2023-08-01
2023-08-08,England Idlewild,0.6856048107147217,UNSURE - LEANING OPEN,2023-08-01 17:05:55,2023-08-01
2023-08-01,Hueston Woods,0.8510938286781311,OPEN - LIKELY,2023-08-01 17:05:55,2023-08-01
2023-08-02,Hueston Woods,0.9554246068000792,OPEN - VERY LIKELY,2023-08-01 17:05:55,2023-08-01
2023-08-03,Hueston Woods,0.9258505702018738,OPEN - VERY LIKELY,2023-08-01 17:05:55,2023-08-01
2023-08-04,Hueston Woods,0.9260047078132628,OPEN - VERY LIKELY,2023-08-01 17:05:55,2023-08-01
2023-08-05,Hueston Woods,0.9284960627555848,OPEN - VERY LIKELY,2023-08-01 17:05:55,2023-08-01
2023-08-06,Hueston Woods,0.8905991911888123,OPEN - LIKELY,2023-08-01 17:05:55,2023-08-01
2023-08-07,Hueston Woods,0.7864900827407837,OPEN - LIKELY,2023-08-01 17:05:55,2023-08-01
2023-08-08,Hueston Woods,0.9225799441337584,OPEN - VERY LIKELY,2023-08-01 17:05:55,2023-08-01
2023-08-01,Premier Health Bike Park,0.5746858716011047,UNSURE - LEANING OPEN,2023-08-01 17:05:55,2023-08-01
2023-08-02,Premier Health Bike Park,0.8943593502044678,OPEN - LIKELY,2023-08-01 17:05:55,2023-08-01
2023-08-03,Premier Health Bike Park,0.8630354404449463,OPEN - LIKELY,2023-08-01 17:05:55,2023-08-01
2023-08-04,Premier Health Bike Park,0.8567732572555542,OPEN - LIKELY,2023-08-01 17:05:55,2023-08-01
2023-08-05,Premier Health Bike Park,0.876790463924408,OPEN - LIKELY,2023-08-01 17:05:55,2023-08-01
2023-08-06,Premier Health Bike Park,0.7822349667549133,OPEN - LIKELY,2023-08-01 17:05:55,2023-08-01
2023-08-07,Premier Health Bike Park,0.5831664800643921,UNSURE - LEANING OPEN,2023-08-01 17:05:55,2023-08-01
2023-08-08,Premier Health Bike Park,0.5970299243927002,UNSURE - LEANING OPEN,2023-08-01 17:05:55,2023-08-01
2023-08-01,Caesar Creek,0.9101027250289916,OPEN - VERY LIKELY,2023-08-01 17:05:55,2023-08-01
2023-08-02,Caesar Creek,0.9163134694099426,OPEN - VERY LIKELY,2023-08-01 17:05:55,2023-08-01
2023-08-03,Caesar Creek,0.8746032118797302,OPEN - LIKELY,2023-08-01 17:05:55,2023-08-01
2023-08-04,Caesar Creek,0.9133018255233764,OPEN - VERY LIKELY,2023-08-01 17:05:55,2023-08-01
2023-08-05,Caesar Creek,0.8736478686332703,OPEN - LIKELY,2023-08-01 17:05:55,2023-08-01
2023-08-06,Caesar Creek,0.8035038709640503,OPEN - LIKELY,2023-08-01 17:05:55,2023-08-01
2023-08-07,Caesar Creek,0.6041218042373657,UNSURE - LEANING OPEN,2023-08-01 17:05:55,2023-08-01
2023-08-08,Caesar Creek,0.9155805110931396,OPEN - VERY LIKELY,2023-08-01 17:05:55,2023-08-01
2023-08-01,Harbin Park,0.8670787215232849,OPEN - LIKELY,2023-08-01 17:05:55,2023-08-01
2023-08-02,Harbin Park,0.8998080492019653,OPEN - LIKELY,2023-08-01 17:05:55,2023-08-01
2023-08-03,Harbin Park,0.7865175604820251,OPEN - LIKELY,2023-08-01 17:05:55,2023-08-01
2023-08-04,Harbin Park,0.8468207716941833,OPEN - LIKELY,2023-08-01 17:05:55,2023-08-01
2023-08-05,Harbin Park,0.8730222582817078,OPEN - LIKELY,2023-08-01 17:05:55,2023-08-01
2023-08-06,Harbin Park,0.722923219203949,UNSURE - LEANING OPEN,2023-08-01 17:05:55,2023-08-01
2023-08-07,Harbin Park,0.6709780693054199,UNSURE - LEANING OPEN,2023-08-01 17:05:55,2023-08-01
2023-08-08,Harbin Park,0.8958961367607117,OPEN - LIKELY,2023-08-01 17:05:55,2023-08-01
2023-08-01,Mount Airy Forest,0.8236973285675049,OPEN - LIKELY,2023-08-01 17:05:55,2023-08-01
2023-08-02,Mount Airy Forest,0.831206202507019,OPEN - LIKELY,2023-08-01 17:05:55,2023-08-01
2023-08-03,Mount Airy Forest,0.7640447020530701,OPEN - LIKELY,2023-08-01 17:05:55,2023-08-01
2023-08-04,Mount Airy Forest,0.8259764909744263,OPEN - LIKELY,2023-08-01 17:05:55,2023-08-01
2023-08-05,Mount Airy Forest,0.8259764909744263,OPEN - LIKELY,2023-08-01 17:05:55,2023-08-01
2023-08-06,Mount Airy Forest,0.7251423001289368,UNSURE - LEANING OPEN,2023-08-01 17:05:55,2023-08-01
2023-08-07,Mount Airy Forest,0.5840092301368713,UNSURE - LEANING OPEN,2023-08-01 17:05:55,2023-08-01
2023-08-08,Mount Airy Forest,0.8259764909744263,OPEN - LIKELY,2023-08-01 17:05:55,2023-08-01
2023-08-01,Mitchell Memorial Forest,0.7932302951812744,OPEN - LIKELY,2023-08-01 17:05:55,2023-08-01
2023-08-02,Mitchell Memorial Forest,0.7261970639228821,UNSURE - LEANING OPEN,2023-08-01 17:05:55,2023-08-01
2023-08-03,Mitchell Memorial Forest,0.8077547550201416,OPEN - LIKELY,2023-08-01 17:05:55,2023-08-01
2023-08-04,Mitchell Memorial Forest,0.7380315661430359,UNSURE - LEANING OPEN,2023-08-01 17:05:55,2023-08-01
2023-08-05,Mitchell Memorial Forest,0.7081058621406555,UNSURE - LEANING OPEN,2023-08-01 17:05:55,2023-08-01
2023-08-06,Mitchell Memorial Forest,0.6460365653038025,UNSURE - LEANING OPEN,2023-08-01 17:05:55,2023-08-01
2023-08-07,Mitchell Memorial Forest,0.6647776365280151,UNSURE - LEANING OPEN,2023-08-01 17:05:55,2023-08-01
2023-08-08,Mitchell Memorial Forest,0.7579500675201416,OPEN - LIKELY,2023-08-01 17:05:55,2023-08-01
2023-08-01,East Fork State Park,0.4624314308166504,UNSURE - LEANING CLOSED,2023-08-01 17:05:55,2023-08-01
2023-08-02,East Fork State Park,0.6501177549362183,UNSURE - LEANING OPEN,2023-08-01 17:05:55,2023-08-01
2023-08-03,East Fork State Park,0.6408712863922119,UNSURE - LEANING OPEN,2023-08-01 17:05:55,2023-08-01
2023-08-04,East Fork State Park,0.6267915368080139,UNSURE - LEANING OPEN,2023-08-01 17:05:55,2023-08-01
2023-08-05,East Fork State Park,0.6455636620521545,UNSURE - LEANING OPEN,2023-08-01 17:05:55,2023-08-01
2023-08-06,East Fork State Park,0.603122889995575,UNSURE - LEANING OPEN,2023-08-01 17:05:55,2023-08-01
2023-08-07,East Fork State Park,0.5682882070541382,UNSURE - LEANING OPEN,2023-08-01 17:05:55,2023-08-01
2023-08-08,East Fork State Park,0.6065891981124878,UNSURE - LEANING OPEN,2023-08-01 17:05:55,2023-08-01
2023-08-01,Landen Deerfield,0.9036024808883668,OPEN - VERY LIKELY,2023-08-01 17:05:55,2023-08-01
2023-08-02,Landen Deerfield,0.9031930565834044,OPEN - VERY LIKELY,2023-08-01 17:05:55,2023-08-01
2023-08-03,Landen Deerfield,0.7763561606407166,OPEN - LIKELY,2023-08-01 17:05:55,2023-08-01
2023-08-04,Landen Deerfield,0.901995837688446,OPEN - VERY LIKELY,2023-08-01 17:05:55,2023-08-01
2023-08-05,Landen Deerfield,0.8996003866195679,OPEN - LIKELY,2023-08-01 17:05:55,2023-08-01
2023-08-06,Landen Deerfield,0.8017275333404541,OPEN - LIKELY,2023-08-01 17:05:55,2023-08-01
2023-08-07,Landen Deerfield,0.5753605365753174,UNSURE - LEANING OPEN,2023-08-01 17:05:55,2023-08-01
2023-08-08,Landen Deerfield,0.9046367406845092,OPEN - VERY LIKELY,2023-08-01 17:05:55,2023-08-01
2023-08-01,Milford Trails,0.8837863802909851,OPEN - LIKELY,2023-08-01 17:13:52,2023-08-01
2023-08-02,Milford Trails,0.8837863802909851,OPEN - LIKELY,2023-08-01 17:13:52,2023-08-01
2023-08-03,Milford Trails,0.8883723616600037,OPEN - LIKELY,2023-08-01 17:13:52,2023-08-01
2023-08-04,Milford Trails,0.8858674764633179,OPEN - LIKELY,2023-08-01 17:13:52,2023-08-01
2023-08-05,Milford Trails,0.8837863802909851,OPEN - LIKELY,2023-08-01 17:13:52,2023-08-01
2023-08-06,Milford Trails,0.8837863802909851,OPEN - LIKELY,2023-08-01 17:13:52,2023-08-01
2023-08-07,Milford Trails,0.8812772035598755,OPEN - LIKELY,2023-08-01 17:13:52,2023-08-01
2023-08-08,Milford Trails,0.8837863802909851,OPEN - LIKELY,2023-08-01 17:13:52,2023-08-01
2023-08-01,Tower Park,0.8870345950126648,OPEN - LIKELY,2023-08-01 17:13:52,2023-08-01
2023-08-02,Tower Park,0.9586888551712036,OPEN - VERY LIKELY,2023-08-01 17:13:52,2023-08-01
2023-08-03,Tower Park,0.9574543237686156,OPEN - VERY LIKELY,2023-08-01 17:13:52,2023-08-01
2023-08-04,Tower Park,0.9404979944229126,OPEN - VERY LIKELY,2023-08-01 17:13:52,2023-08-01
2023-08-05,Tower Park,0.9515743255615234,OPEN - VERY LIKELY,2023-08-01 17:13:52,2023-08-01
2023-08-06,Tower Park,0.9460673332214355,OPEN - VERY LIKELY,2023-08-01 17:13:52,2023-08-01
2023-08-07,Tower Park,0.8258036971092224,OPEN - LIKELY,2023-08-01 17:13:52,2023-08-01
2023-08-08,Tower Park,0.9300564527511596,OPEN - VERY LIKELY,2023-08-01 17:13:52,2023-08-01
2023-08-01,Devou Park,0.7758922576904297,OPEN - LIKELY,2023-08-01 17:13:52,2023-08-01
2023-08-02,Devou Park,0.7912626266479492,OPEN - LIKELY,2023-08-01 17:13:52,2023-08-01
2023-08-03,Devou Park,0.78184974193573,OPEN - LIKELY,2023-08-01 17:13:52,2023-08-01
2023-08-04,Devou Park,0.779434323310852,OPEN - LIKELY,2023-08-01 17:13:52,2023-08-01
2023-08-05,Devou Park,0.7872092723846436,OPEN - LIKELY,2023-08-01 17:13:52,2023-08-01
2023-08-06,Devou Park,0.7601269483566284,OPEN - LIKELY,2023-08-01 17:13:52,2023-08-01
2023-08-07,Devou Park,0.635664701461792,UNSURE - LEANING OPEN,2023-08-01 17:13:52,2023-08-01
2023-08-08,Devou Park,0.7872092723846436,OPEN - LIKELY,2023-08-01 17:13:52,2023-08-01
2023-08-01,England Idlewild,0.6723957657814026,UNSURE - LEANING OPEN,2023-08-01 17:13:52,2023-08-01
2023-08-02,England Idlewild,0.6881288290023804,UNSURE - LEANING OPEN,2023-08-01 17:13:52,2023-08-01
2023-08-03,England Idlewild,0.6717966198921204,UNSURE - LEANING OPEN,2023-08-01 17:13:52,2023-08-01
2023-08-04,England Idlewild,0.692404568195343,UNSURE - LEANING OPEN,2023-08-01 17:13:52,2023-08-01
2023-08-05,England Idlewild,0.6901838779449463,UNSURE - LEANING OPEN,2023-08-01 17:13:52,2023-08-01
2023-08-06,England Idlewild,0.6474080085754395,UNSURE - LEANING OPEN,2023-08-01 17:13:52,2023-08-01
2023-08-07,England Idlewild,0.6514466404914856,UNSURE - LEANING OPEN,2023-08-01 17:13:52,2023-08-01
2023-08-08,England Idlewild,0.6856048107147217,UNSURE - LEANING OPEN,2023-08-01 17:13:52,2023-08-01
2023-08-01,Hueston Woods,0.8510938286781311,OPEN - LIKELY,2023-08-01 17:13:52,2023-08-01
2023-08-02,Hueston Woods,0.9554246068000792,OPEN - VERY LIKELY,2023-08-01 17:13:52,2023-08-01
2023-08-03,Hueston Woods,0.9258505702018738,OPEN - VERY LIKELY,2023-08-01 17:13:52,2023-08-01
2023-08-04,Hueston Woods,0.9260047078132628,OPEN - VERY LIKELY,2023-08-01 17:13:52,2023-08-01
2023-08-05,Hueston Woods,0.9284960627555848,OPEN - VERY LIKELY,2023-08-01 17:13:52,2023-08-01
2023-08-06,Hueston Woods,0.8905991911888123,OPEN - LIKELY,2023-08-01 17:13:52,2023-08-01
2023-08-07,Hueston Woods,0.7864900827407837,OPEN - LIKELY,2023-08-01 17:13:52,2023-08-01
2023-08-08,Hueston Woods,0.9225799441337584,OPEN - VERY LIKELY,2023-08-01 17:13:52,2023-08-01
2023-08-01,Premier Health Bike Park,0.5746858716011047,UNSURE - LEANING OPEN,2023-08-01 17:13:52,2023-08-01
2023-08-02,Premier Health Bike Park,0.8943593502044678,OPEN - LIKELY,2023-08-01 17:13:52,2023-08-01
2023-08-03,Premier Health Bike Park,0.8630354404449463,OPEN - LIKELY,2023-08-01 17:13:52,2023-08-01
2023-08-04,Premier Health Bike Park,0.8567732572555542,OPEN - LIKELY,2023-08-01 17:13:52,2023-08-01
2023-08-05,Premier Health Bike Park,0.876790463924408,OPEN - LIKELY,2023-08-01 17:13:52,2023-08-01
2023-08-06,Premier Health Bike Park,0.7822349667549133,OPEN - LIKELY,2023-08-01 17:13:52,2023-08-01
2023-08-07,Premier Health Bike Park,0.5831664800643921,UNSURE - LEANING OPEN,2023-08-01 17:13:52,2023-08-01
2023-08-08,Premier Health Bike Park,0.5970299243927002,UNSURE - LEANING OPEN,2023-08-01 17:13:52,2023-08-01
2023-08-01,Caesar Creek,0.9101027250289916,OPEN - VERY LIKELY,2023-08-01 17:13:52,2023-08-01
2023-08-02,Caesar Creek,0.9163134694099426,OPEN - VERY LIKELY,2023-08-01 17:13:52,2023-08-01
2023-08-03,Caesar Creek,0.8746032118797302,OPEN - LIKELY,2023-08-01 17:13:52,2023-08-01
2023-08-04,Caesar Creek,0.9133018255233764,OPEN - VERY LIKELY,2023-08-01 17:13:52,2023-08-01
2023-08-05,Caesar Creek,0.8736478686332703,OPEN - LIKELY,2023-08-01 17:13:52,2023-08-01
2023-08-06,Caesar Creek,0.8035038709640503,OPEN - LIKELY,2023-08-01 17:13:52,2023-08-01
2023-08-07,Caesar Creek,0.6041218042373657,UNSURE - LEANING OPEN,2023-08-01 17:13:52,2023-08-01
2023-08-08,Caesar Creek,0.9155805110931396,OPEN - VERY LIKELY,2023-08-01 17:13:52,2023-08-01
2023-08-01,Harbin Park,0.8670787215232849,OPEN - LIKELY,2023-08-01 17:13:52,2023-08-01
2023-08-02,Harbin Park,0.8998080492019653,OPEN - LIKELY,2023-08-01 17:13:52,2023-08-01
2023-08-03,Harbin Park,0.7865175604820251,OPEN - LIKELY,2023-08-01 17:13:52,2023-08-01
2023-08-04,Harbin Park,0.8468207716941833,OPEN - LIKELY,2023-08-01 17:13:52,2023-08-01
2023-08-05,Harbin Park,0.8730222582817078,OPEN - LIKELY,2023-08-01 17:13:52,2023-08-01
2023-08-06,Harbin Park,0.722923219203949,UNSURE - LEANING OPEN,2023-08-01 17:13:52,2023-08-01
2023-08-07,Harbin Park,0.6709780693054199,UNSURE - LEANING OPEN,2023-08-01 17:13:52,2023-08-01
2023-08-08,Harbin Park,0.8958961367607117,OPEN - LIKELY,2023-08-01 17:13:52,2023-08-01
2023-08-01,Mount Airy Forest,0.8236973285675049,OPEN - LIKELY,2023-08-01 17:13:52,2023-08-01
2023-08-02,Mount Airy Forest,0.831206202507019,OPEN - LIKELY,2023-08-01 17:13:52,2023-08-01
2023-08-03,Mount Airy Forest,0.7640447020530701,OPEN - LIKELY,2023-08-01 17:13:52,2023-08-01
2023-08-04,Mount Airy Forest,0.8259764909744263,OPEN - LIKELY,2023-08-01 17:13:52,2023-08-01
2023-08-05,Mount Airy Forest,0.8259764909744263,OPEN - LIKELY,2023-08-01 17:13:52,2023-08-01
2023-08-06,Mount Airy Forest,0.7251423001289368,UNSURE - LEANING OPEN,2023-08-01 17:13:52,2023-08-01
2023-08-07,Mount Airy Forest,0.5840092301368713,UNSURE - LEANING OPEN,2023-08-01 17:13:52,2023-08-01
2023-08-08,Mount Airy Forest,0.8259764909744263,OPEN - LIKELY,2023-08-01 17:13:52,2023-08-01
2023-08-01,Mitchell Memorial Forest,0.7932302951812744,OPEN - LIKELY,2023-08-01 17:13:52,2023-08-01
2023-08-02,Mitchell Memorial Forest,0.7261970639228821,UNSURE - LEANING OPEN,2023-08-01 17:13:52,2023-08-01
2023-08-03,Mitchell Memorial Forest,0.8077547550201416,OPEN - LIKELY,2023-08-01 17:13:52,2023-08-01
2023-08-04,Mitchell Memorial Forest,0.7380315661430359,UNSURE - LEANING OPEN,2023-08-01 17:13:52,2023-08-01
2023-08-05,Mitchell Memorial Forest,0.7081058621406555,UNSURE - LEANING OPEN,2023-08-01 17:13:52,2023-08-01
2023-08-06,Mitchell Memorial Forest,0.6460365653038025,UNSURE - LEANING OPEN,2023-08-01 17:13:52,2023-08-01
2023-08-07,Mitchell Memorial Forest,0.6647776365280151,UNSURE - LEANING OPEN,2023-08-01 17:13:52,2023-08-01
2023-08-08,Mitchell Memorial Forest,0.7579500675201416,OPEN - LIKELY,2023-08-01 17:13:52,2023-08-01
2023-08-01,East Fork State Park,0.4624314308166504,UNSURE - LEANING CLOSED,2023-08-01 17:13:52,2023-08-01
2023-08-02,East Fork State Park,0.6501177549362183,UNSURE - LEANING OPEN,2023-08-01 17:13:52,2023-08-01
2023-08-03,East Fork State Park,0.6408712863922119,UNSURE - LEANING OPEN,2023-08-01 17:13:52,2023-08-01
2023-08-04,East Fork State Park,0.6267915368080139,UNSURE - LEANING OPEN,2023-08-01 17:13:52,2023-08-01
2023-08-05,East Fork State Park,0.6455636620521545,UNSURE - LEANING OPEN,2023-08-01 17:13:52,2023-08-01
2023-08-06,East Fork State Park,0.603122889995575,UNSURE - LEANING OPEN,2023-08-01 17:13:52,2023-08-01
2023-08-07,East Fork State Park,0.5682882070541382,UNSURE - LEANING OPEN,2023-08-01 17:13:52,2023-08-01
2023-08-08,East Fork State Park,0.6065891981124878,UNSURE - LEANING OPEN,2023-08-01 17:13:52,2023-08-01
2023-08-01,Landen Deerfield,0.9036024808883668,OPEN - VERY LIKELY,2023-08-01 17:13:52,2023-08-01
2023-08-02,Landen Deerfield,0.9031930565834044,OPEN - VERY LIKELY,2023-08-01 17:13:52,2023-08-01
2023-08-03,Landen Deerfield,0.7763561606407166,OPEN - LIKELY,2023-08-01 17:13:52,2023-08-01
2023-08-04,Landen Deerfield,0.901995837688446,OPEN - VERY LIKELY,2023-08-01 17:13:52,2023-08-01
2023-08-05,Landen Deerfield,0.8996003866195679,OPEN - LIKELY,2023-08-01 17:13:52,2023-08-01
2023-08-06,Landen Deerfield,0.8017275333404541,OPEN - LIKELY,2023-08-01 17:13:52,2023-08-01
2023-08-07,Landen Deerfield,0.5753605365753174,UNSURE - LEANING OPEN,2023-08-01 17:13:52,2023-08-01
2023-08-08,Landen Deerfield,0.9046367406845092,OPEN - VERY LIKELY,2023-08-01 17:13:52,2023-08-01
2023-08-01,Milford Trails,0.8837863802909851,OPEN - LIKELY,2023-08-01 17:20:11,2023-08-01
2023-08-02,Milford Trails,0.8837863802909851,OPEN - LIKELY,2023-08-01 17:20:11,2023-08-01
2023-08-03,Milford Trails,0.8883723616600037,OPEN - LIKELY,2023-08-01 17:20:11,2023-08-01
2023-08-04,Milford Trails,0.8858674764633179,OPEN - LIKELY,2023-08-01 17:20:11,2023-08-01
2023-08-05,Milford Trails,0.8837863802909851,OPEN - LIKELY,2023-08-01 17:20:11,2023-08-01
2023-08-06,Milford Trails,0.8837863802909851,OPEN - LIKELY,2023-08-01 17:20:11,2023-08-01
2023-08-07,Milford Trails,0.8812772035598755,OPEN - LIKELY,2023-08-01 17:20:11,2023-08-01
2023-08-08,Milford Trails,0.8837863802909851,OPEN - LIKELY,2023-08-01 17:20:11,2023-08-01
2023-08-01,Tower Park,0.8870345950126648,OPEN - LIKELY,2023-08-01 17:20:11,2023-08-01
2023-08-02,Tower Park,0.9586888551712036,OPEN - VERY LIKELY,2023-08-01 17:20:11,2023-08-01
2023-08-03,Tower Park,0.9574543237686156,OPEN - VERY LIKELY,2023-08-01 17:20:11,2023-08-01
2023-08-04,Tower Park,0.9404979944229126,OPEN - VERY LIKELY,2023-08-01 17:20:11,2023-08-01
2023-08-05,Tower Park,0.9515743255615234,OPEN - VERY LIKELY,2023-08-01 17:20:11,2023-08-01
2023-08-06,Tower Park,0.9460673332214355,OPEN - VERY LIKELY,2023-08-01 17:20:11,2023-08-01
2023-08-07,Tower Park,0.8258036971092224,OPEN - LIKELY,2023-08-01 17:20:11,2023-08-01
2023-08-08,Tower Park,0.9300564527511596,OPEN - VERY LIKELY,2023-08-01 17:20:11,2023-08-01
2023-08-01,Devou Park,0.7758922576904297,OPEN - LIKELY,2023-08-01 17:20:11,2023-08-01
2023-08-02,Devou Park,0.7912626266479492,OPEN - LIKELY,2023-08-01 17:20:11,2023-08-01
2023-08-03,Devou Park,0.78184974193573,OPEN - LIKELY,2023-08-01 17:20:11,2023-08-01
2023-08-04,Devou Park,0.779434323310852,OPEN - LIKELY,2023-08-01 17:20:11,2023-08-01
2023-08-05,Devou Park,0.7872092723846436,OPEN - LIKELY,2023-08-01 17:20:11,2023-08-01
2023-08-06,Devou Park,0.7601269483566284,OPEN - LIKELY,2023-08-01 17:20:11,2023-08-01
2023-08-07,Devou Park,0.635664701461792,UNSURE - LEANING OPEN,2023-08-01 17:20:11,2023-08-01
2023-08-08,Devou Park,0.7872092723846436,OPEN - LIKELY,2023-08-01 17:20:11,2023-08-01
2023-08-01,England Idlewild,0.6723957657814026,UNSURE - LEANING OPEN,2023-08-01 17:20:11,2023-08-01
2023-08-02,England Idlewild,0.6881288290023804,UNSURE - LEANING OPEN,2023-08-01 17:20:11,2023-08-01
2023-08-03,England Idlewild,0.6717966198921204,UNSURE - LEANING OPEN,2023-08-01 17:20:11,2023-08-01
2023-08-04,England Idlewild,0.692404568195343,UNSURE - LEANING OPEN,2023-08-01 17:20:11,2023-08-01
2023-08-05,England Idlewild,0.6901838779449463,UNSURE - LEANING OPEN,2023-08-01 17:20:11,2023-08-01
2023-08-06,England Idlewild,0.6474080085754395,UNSURE - LEANING OPEN,2023-08-01 17:20:11,2023-08-01
2023-08-07,England Idlewild,0.6514466404914856,UNSURE - LEANING OPEN,2023-08-01 17:20:11,2023-08-01
2023-08-08,England Idlewild,0.6856048107147217,UNSURE - LEANING OPEN,2023-08-01 17:20:11,2023-08-01
2023-08-01,Hueston Woods,0.8510938286781311,OPEN - LIKELY,2023-08-01 17:20:11,2023-08-01
2023-08-02,Hueston Woods,0.9554246068000792,OPEN - VERY LIKELY,2023-08-01 17:20:11,2023-08-01
2023-08-03,Hueston Woods,0.9258505702018738,OPEN - VERY LIKELY,2023-08-01 17:20:11,2023-08-01
2023-08-04,Hueston Woods,0.9260047078132628,OPEN - VERY LIKELY,2023-08-01 17:20:11,2023-08-01
2023-08-05,Hueston Woods,0.9284960627555848,OPEN - VERY LIKELY,2023-08-01 17:20:11,2023-08-01
2023-08-06,Hueston Woods,0.8905991911888123,OPEN - LIKELY,2023-08-01 17:20:11,2023-08-01
2023-08-07,Hueston Woods,0.7864900827407837,OPEN - LIKELY,2023-08-01 17:20:11,2023-08-01
2023-08-08,Hueston Woods,0.9225799441337584,OPEN - VERY LIKELY,2023-08-01 17:20:11,2023-08-01
2023-08-01,Premier Health Bike Park,0.5746858716011047,UNSURE - LEANING OPEN,2023-08-01 17:20:11,2023-08-01
2023-08-02,Premier Health Bike Park,0.8943593502044678,OPEN - LIKELY,2023-08-01 17:20:11,2023-08-01
2023-08-03,Premier Health Bike Park,0.8630354404449463,OPEN - LIKELY,2023-08-01 17:20:11,2023-08-01
2023-08-04,Premier Health Bike Park,0.8567732572555542,OPEN - LIKELY,2023-08-01 17:20:11,2023-08-01
2023-08-05,Premier Health Bike Park,0.876790463924408,OPEN - LIKELY,2023-08-01 17:20:11,2023-08-01
2023-08-06,Premier Health Bike Park,0.7822349667549133,OPEN - LIKELY,2023-08-01 17:20:11,2023-08-01
2023-08-07,Premier Health Bike Park,0.5831664800643921,UNSURE - LEANING OPEN,2023-08-01 17:20:11,2023-08-01
2023-08-08,Premier Health Bike Park,0.5970299243927002,UNSURE - LEANING OPEN,2023-08-01 17:20:11,2023-08-01
2023-08-01,Caesar Creek,0.9101027250289916,OPEN - VERY LIKELY,2023-08-01 17:20:11,2023-08-01
2023-08-02,Caesar Creek,0.9163134694099426,OPEN - VERY LIKELY,2023-08-01 17:20:11,2023-08-01
2023-08-03,Caesar Creek,0.8746032118797302,OPEN - LIKELY,2023-08-01 17:20:11,2023-08-01
2023-08-04,Caesar Creek,0.9133018255233764,OPEN - VERY LIKELY,2023-08-01 17:20:11,2023-08-01
2023-08-05,Caesar Creek,0.8736478686332703,OPEN - LIKELY,2023-08-01 17:20:11,2023-08-01
2023-08-06,Caesar Creek,0.8035038709640503,OPEN - LIKELY,2023-08-01 17:20:11,2023-08-01
2023-08-07,Caesar Creek,0.6041218042373657,UNSURE - LEANING OPEN,2023-08-01 17:20:11,2023-08-01
2023-08-08,Caesar Creek,0.9155805110931396,OPEN - VERY LIKELY,2023-08-01 17:20:11,2023-08-01
2023-08-01,Harbin Park,0.8670787215232849,OPEN - LIKELY,2023-08-01 17:20:11,2023-08-01
2023-08-02,Harbin Park,0.8998080492019653,OPEN - LIKELY,2023-08-01 17:20:11,2023-08-01
2023-08-03,Harbin Park,0.7865175604820251,OPEN - LIKELY,2023-08-01 17:20:11,2023-08-01
2023-08-04,Harbin Park,0.8468207716941833,OPEN - LIKELY,2023-08-01 17:20:11,2023-08-01
2023-08-05,Harbin Park,0.8730222582817078,OPEN - LIKELY,2023-08-01 17:20:11,2023-08-01
2023-08-06,Harbin Park,0.722923219203949,UNSURE - LEANING OPEN,2023-08-01 17:20:11,2023-08-01
2023-08-07,Harbin Park,0.6709780693054199,UNSURE - LEANING OPEN,2023-08-01 17:20:11,2023-08-01
2023-08-08,Harbin Park,0.8958961367607117,OPEN - LIKELY,2023-08-01 17:20:11,2023-08-01
2023-08-01,Mount Airy Forest,0.8236973285675049,OPEN - LIKELY,2023-08-01 17:20:11,2023-08-01
2023-08-02,Mount Airy Forest,0.831206202507019,OPEN - LIKELY,2023-08-01 17:20:11,2023-08-01
2023-08-03,Mount Airy Forest,0.7640447020530701,OPEN - LIKELY,2023-08-01 17:20:11,2023-08-01
2023-08-04,Mount Airy Forest,0.8259764909744263,OPEN - LIKELY,2023-08-01 17:20:11,2023-08-01
2023-08-05,Mount Airy Forest,0.8259764909744263,OPEN - LIKELY,2023-08-01 17:20:11,2023-08-01
2023-08-06,Mount Airy Forest,0.7251423001289368,UNSURE - LEANING OPEN,2023-08-01 17:20:11,2023-08-01
2023-08-07,Mount Airy Forest,0.5840092301368713,UNSURE - LEANING OPEN,2023-08-01 17:20:11,2023-08-01
2023-08-08,Mount Airy Forest,0.8259764909744263,OPEN - LIKELY,2023-08-01 17:20:11,2023-08-01
2023-08-01,Mitchell Memorial Forest,0.7932302951812744,OPEN - LIKELY,2023-08-01 17:20:11,2023-08-01
2023-08-02,Mitchell Memorial Forest,0.7261970639228821,UNSURE - LEANING OPEN,2023-08-01 17:20:11,2023-08-01
2023-08-03,Mitchell Memorial Forest,0.8077547550201416,OPEN - LIKELY,2023-08-01 17:20:11,2023-08-01
2023-08-04,Mitchell Memorial Forest,0.7380315661430359,UNSURE - LEANING OPEN,2023-08-01 17:20:11,2023-08-01
2023-08-05,Mitchell Memorial Forest,0.7081058621406555,UNSURE - LEANING OPEN,2023-08-01 17:20:11,2023-08-01
2023-08-06,Mitchell Memorial Forest,0.6460365653038025,UNSURE - LEANING OPEN,2023-08-01 17:20:11,2023-08-01
2023-08-07,Mitchell Memorial Forest,0.6647776365280151,UNSURE - LEANING OPEN,2023-08-01 17:20:11,2023-08-01
2023-08-08,Mitchell Memorial Forest,0.7579500675201416,OPEN - LIKELY,2023-08-01 17:20:11,2023-08-01
2023-08-01,East Fork State Park,0.4624314308166504,UNSURE - LEANING CLOSED,2023-08-01 17:20:11,2023-08-01
2023-08-02,East Fork State Park,0.6501177549362183,UNSURE - LEANING OPEN,2023-08-01 17:20:11,2023-08-01
2023-08-03,East Fork State Park,0.6408712863922119,UNSURE - LEANING OPEN,2023-08-01 17:20:11,2023-08-01
2023-08-04,East Fork State Park,0.6267915368080139,UNSURE - LEANING OPEN,2023-08-01 17:20:11,2023-08-01
2023-08-05,East Fork State Park,0.6455636620521545,UNSURE - LEANING OPEN,2023-08-01 17:20:11,2023-08-01
2023-08-06,East Fork State Park,0.603122889995575,UNSURE - LEANING OPEN,2023-08-01 17:20:11,2023-08-01
2023-08-07,East Fork State Park,0.5682882070541382,UNSURE - LEANING OPEN,2023-08-01 17:20:11,2023-08-01
2023-08-08,East Fork State Park,0.6065891981124878,UNSURE - LEANING OPEN,2023-08-01 17:20:11,2023-08-01
2023-08-01,Landen Deerfield,0.9036024808883668,OPEN - VERY LIKELY,2023-08-01 17:20:11,2023-08-01
2023-08-02,Landen Deerfield,0.9031930565834044,OPEN - VERY LIKELY,2023-08-01 17:20:11,2023-08-01
2023-08-03,Landen Deerfield,0.7763561606407166,OPEN - LIKELY,2023-08-01 17:20:11,2023-08-01
2023-08-04,Landen Deerfield,0.901995837688446,OPEN - VERY LIKELY,2023-08-01 17:20:11,2023-08-01
2023-08-05,Landen Deerfield,0.8996003866195679,OPEN - LIKELY,2023-08-01 17:20:11,2023-08-01
2023-08-06,Landen Deerfield,0.8017275333404541,OPEN - LIKELY,2023-08-01 17:20:11,2023-08-01
2023-08-07,Landen Deerfield,0.5753605365753174,UNSURE - LEANING OPEN,2023-08-01 17:20:11,2023-08-01
2023-08-08,Landen Deerfield,0.9046367406845092,OPEN - VERY LIKELY,2023-08-01 17:20:11,2023-08-01
2023-08-02,Milford Trails,0.8837863802909851,OPEN - LIKELY,2023-08-02 17:43:31,2023-08-02
2023-08-03,Milford Trails,0.8883723616600037,OPEN - LIKELY,2023-08-02 17:43:31,2023-08-02
2023-08-04,Milford Trails,0.8858674764633179,OPEN - LIKELY,2023-08-02 17:43:31,2023-08-02
2023-08-05,Milford Trails,0.8837863802909851,OPEN - LIKELY,2023-08-02 17:43:31,2023-08-02
2023-08-06,Milford Trails,0.8689627051353455,OPEN - LIKELY,2023-08-02 17:43:31,2023-08-02
2023-08-07,Milford Trails,0.8837863802909851,OPEN - LIKELY,2023-08-02 17:43:31,2023-08-02
2023-08-08,Milford Trails,0.8859493732452393,OPEN - LIKELY,2023-08-02 17:43:31,2023-08-02
2023-08-09,Milford Trails,0.8837863802909851,OPEN - LIKELY,2023-08-02 17:43:31,2023-08-02
2023-08-02,Tower Park,0.9629814028739928,OPEN - VERY LIKELY,2023-08-02 17:43:31,2023-08-02
2023-08-03,Tower Park,0.9567481279373168,OPEN - VERY LIKELY,2023-08-02 17:43:31,2023-08-02
2023-08-04,Tower Park,0.9495413303375244,OPEN - VERY LIKELY,2023-08-02 17:43:31,2023-08-02
2023-08-05,Tower Park,0.9525907039642334,OPEN - VERY LIKELY,2023-08-02 17:43:31,2023-08-02
2023-08-06,Tower Park,0.707731306552887,UNSURE - LEANING OPEN,2023-08-02 17:43:31,2023-08-02
2023-08-07,Tower Park,0.9052249193191528,OPEN - VERY LIKELY,2023-08-02 17:43:31,2023-08-02
2023-08-08,Tower Park,0.8041869401931763,OPEN - LIKELY,2023-08-02 17:43:31,2023-08-02
2023-08-09,Tower Park,0.9242600202560424,OPEN - VERY LIKELY,2023-08-02 17:43:31,2023-08-02
2023-08-02,Devou Park,0.7819660305976868,OPEN - LIKELY,2023-08-02 17:43:31,2023-08-02
2023-08-03,Devou Park,0.7774942517280579,OPEN - LIKELY,2023-08-02 17:43:31,2023-08-02
2023-08-04,Devou Park,0.7863073348999023,OPEN - LIKELY,2023-08-02 17:43:31,2023-08-02
2023-08-05,Devou Park,0.7843887805938721,OPEN - LIKELY,2023-08-02 17:43:31,2023-08-02
2023-08-06,Devou Park,0.3157028257846832,UNSURE - LEANING CLOSED,2023-08-02 17:43:31,2023-08-02
2023-08-07,Devou Park,0.7277534008026123,UNSURE - LEANING OPEN,2023-08-02 17:43:31,2023-08-02
2023-08-08,Devou Park,0.5397436618804932,UNSURE - LEANING OPEN,2023-08-02 17:43:31,2023-08-02
2023-08-09,Devou Park,0.7909628748893738,OPEN - LIKELY,2023-08-02 17:43:31,2023-08-02
2023-08-02,England Idlewild,0.6901838779449463,UNSURE - LEANING OPEN,2023-08-02 17:43:31,2023-08-02
2023-08-03,England Idlewild,0.6717966198921204,UNSURE - LEANING OPEN,2023-08-02 17:43:31,2023-08-02
2023-08-04,England Idlewild,0.6913926005363464,UNSURE - LEANING OPEN,2023-08-02 17:43:31,2023-08-02
2023-08-05,England Idlewild,0.6893518567085266,UNSURE - LEANING OPEN,2023-08-02 17:43:31,2023-08-02
2023-08-06,England Idlewild,0.5742014050483704,UNSURE - LEANING OPEN,2023-08-02 17:43:31,2023-08-02
2023-08-07,England Idlewild,0.5866878032684326,UNSURE - LEANING OPEN,2023-08-02 17:43:31,2023-08-02
2023-08-08,England Idlewild,0.5872582197189331,UNSURE - LEANING OPEN,2023-08-02 17:43:31,2023-08-02
2023-08-09,England Idlewild,0.6823919415473938,UNSURE - LEANING OPEN,2023-08-02 17:43:31,2023-08-02
2023-08-02,Hueston Woods,0.9554246068000792,OPEN - VERY LIKELY,2023-08-02 17:43:31,2023-08-02
2023-08-03,Hueston Woods,0.9031872153282166,OPEN - VERY LIKELY,2023-08-02 17:43:31,2023-08-02
2023-08-04,Hueston Woods,0.9131163358688354,OPEN - VERY LIKELY,2023-08-02 17:43:31,2023-08-02
2023-08-05,Hueston Woods,0.9284960627555848,OPEN - VERY LIKELY,2023-08-02 17:43:31,2023-08-02
2023-08-06,Hueston Woods,0.715655505657196,UNSURE - LEANING OPEN,2023-08-02 17:43:31,2023-08-02
2023-08-07,Hueston Woods,0.715471088886261,UNSURE - LEANING OPEN,2023-08-02 17:43:31,2023-08-02
2023-08-08,Hueston Woods,0.8004332780838013,OPEN - LIKELY,2023-08-02 17:43:31,2023-08-02
2023-08-09,Hueston Woods,0.9193053245544434,OPEN - VERY LIKELY,2023-08-02 17:43:31,2023-08-02
2023-08-02,Premier Health Bike Park,0.8931912779808044,OPEN - LIKELY,2023-08-02 17:43:31,2023-08-02
2023-08-03,Premier Health Bike Park,0.8483221530914307,OPEN - LIKELY,2023-08-02 17:43:31,2023-08-02
2023-08-04,Premier Health Bike Park,0.8512526750564575,OPEN - LIKELY,2023-08-02 17:43:31,2023-08-02
2023-08-05,Premier Health Bike Park,0.892789363861084,OPEN - LIKELY,2023-08-02 17:43:31,2023-08-02
2023-08-06,Premier Health Bike Park,0.5337973833084106,UNSURE - LEANING OPEN,2023-08-02 17:43:31,2023-08-02
2023-08-07,Premier Health Bike Park,0.5003994703292847,UNSURE - LEANING OPEN,2023-08-02 17:43:31,2023-08-02
2023-08-08,Premier Health Bike Park,0.572711169719696,UNSURE - LEANING OPEN,2023-08-02 17:43:31,2023-08-02
2023-08-09,Premier Health Bike Park,0.5989915132522583,UNSURE - LEANING OPEN,2023-08-02 17:43:31,2023-08-02
2023-08-02,Caesar Creek,0.9092231392860411,OPEN - VERY LIKELY,2023-08-02 17:43:31,2023-08-02
2023-08-03,Caesar Creek,0.8738131523132324,OPEN - LIKELY,2023-08-02 17:43:31,2023-08-02
2023-08-04,Caesar Creek,0.8863154649734497,OPEN - LIKELY,2023-08-02 17:43:31,2023-08-02
2023-08-05,Caesar Creek,0.8656277656555176,OPEN - LIKELY,2023-08-02 17:43:31,2023-08-02
2023-08-06,Caesar Creek,0.4614432454109192,UNSURE - LEANING CLOSED,2023-08-02 17:43:31,2023-08-02
2023-08-07,Caesar Creek,0.8211264610290527,OPEN - LIKELY,2023-08-02 17:43:31,2023-08-02
2023-08-08,Caesar Creek,0.5407634377479553,UNSURE - LEANING OPEN,2023-08-02 17:43:31,2023-08-02
2023-08-09,Caesar Creek,0.9214784502983092,OPEN - VERY LIKELY,2023-08-02 17:43:31,2023-08-02
2023-08-02,Harbin Park,0.8949674963951111,OPEN - LIKELY,2023-08-02 17:43:31,2023-08-02
2023-08-03,Harbin Park,0.7591115832328796,OPEN - LIKELY,2023-08-02 17:43:31,2023-08-02
2023-08-04,Harbin Park,0.8730222582817078,OPEN - LIKELY,2023-08-02 17:43:31,2023-08-02
2023-08-05,Harbin Park,0.8692438006401062,OPEN - LIKELY,2023-08-02 17:43:31,2023-08-02
2023-08-06,Harbin Park,0.4047406315803528,UNSURE - LEANING CLOSED,2023-08-02 17:43:31,2023-08-02
2023-08-07,Harbin Park,0.6340813636779785,UNSURE - LEANING OPEN,2023-08-02 17:43:31,2023-08-02
2023-08-08,Harbin Park,0.7365116477012634,UNSURE - LEANING OPEN,2023-08-02 17:43:31,2023-08-02
2023-08-09,Harbin Park,0.8998080492019653,OPEN - LIKELY,2023-08-02 17:43:31,2023-08-02
2023-08-02,Mount Airy Forest,0.8326049447059631,OPEN - LIKELY,2023-08-02 17:43:31,2023-08-02
2023-08-03,Mount Airy Forest,0.7708979845046997,OPEN - LIKELY,2023-08-02 17:43:31,2023-08-02
2023-08-04,Mount Airy Forest,0.824533998966217,OPEN - LIKELY,2023-08-02 17:43:31,2023-08-02
2023-08-05,Mount Airy Forest,0.824533998966217,OPEN - LIKELY,2023-08-02 17:43:31,2023-08-02
2023-08-06,Mount Airy Forest,0.4218504726886749,UNSURE - LEANING CLOSED,2023-08-02 17:43:31,2023-08-02
2023-08-07,Mount Airy Forest,0.7954475283622742,OPEN - LIKELY,2023-08-02 17:43:31,2023-08-02
2023-08-08,Mount Airy Forest,0.5724360942840576,UNSURE - LEANING OPEN,2023-08-02 17:43:31,2023-08-02
2023-08-09,Mount Airy Forest,0.8326049447059631,OPEN - LIKELY,2023-08-02 17:43:31,2023-08-02
2023-08-02,Mitchell Memorial Forest,0.6543346643447876,UNSURE - LEANING OPEN,2023-08-02 17:43:31,2023-08-02
2023-08-03,Mitchell Memorial Forest,0.7233821749687195,UNSURE - LEANING OPEN,2023-08-02 17:43:31,2023-08-02
2023-08-04,Mitchell Memorial Forest,0.706570565700531,UNSURE - LEANING OPEN,2023-08-02 17:43:31,2023-08-02
2023-08-05,Mitchell Memorial Forest,0.6915975213050842,UNSURE - LEANING OPEN,2023-08-02 17:43:31,2023-08-02
2023-08-06,Mitchell Memorial Forest,0.3949184417724609,UNSURE - LEANING CLOSED,2023-08-02 17:43:31,2023-08-02
2023-08-07,Mitchell Memorial Forest,0.7123819589614868,UNSURE - LEANING OPEN,2023-08-02 17:43:31,2023-08-02
2023-08-08,Mitchell Memorial Forest,0.408547580242157,UNSURE - LEANING CLOSED,2023-08-02 17:43:31,2023-08-02
2023-08-09,Mitchell Memorial Forest,0.716127336025238,UNSURE - LEANING OPEN,2023-08-02 17:43:31,2023-08-02
2023-08-02,East Fork State Park,0.6443687081336975,UNSURE - LEANING OPEN,2023-08-02 17:43:31,2023-08-02
2023-08-03,East Fork State Park,0.6522688865661621,UNSURE - LEANING OPEN,2023-08-02 17:43:31,2023-08-02
2023-08-04,East Fork State Park,0.6081183552742004,UNSURE - LEANING OPEN,2023-08-02 17:43:31,2023-08-02
2023-08-05,East Fork State Park,0.6063419580459595,UNSURE - LEANING OPEN,2023-08-02 17:43:31,2023-08-02
2023-08-06,East Fork State Park,0.5829252004623413,UNSURE - LEANING OPEN,2023-08-02 17:43:31,2023-08-02
2023-08-07,East Fork State Park,0.5375442504882812,UNSURE - LEANING OPEN,2023-08-02 17:43:31,2023-08-02
2023-08-08,East Fork State Park,0.6063111424446106,UNSURE - LEANING OPEN,2023-08-02 17:43:31,2023-08-02
2023-08-09,East Fork State Park,0.5555428266525269,UNSURE - LEANING OPEN,2023-08-02 17:43:31,2023-08-02
2023-08-02,Landen Deerfield,0.9107298851013184,OPEN - VERY LIKELY,2023-08-02 17:43:31,2023-08-02
2023-08-03,Landen Deerfield,0.7374486327171326,UNSURE - LEANING OPEN,2023-08-02 17:43:31,2023-08-02
2023-08-04,Landen Deerfield,0.9013157486915588,OPEN - VERY LIKELY,2023-08-02 17:43:31,2023-08-02
2023-08-05,Landen Deerfield,0.8961639404296875,OPEN - LIKELY,2023-08-02 17:43:31,2023-08-02
2023-08-06,Landen Deerfield,0.5593885183334351,UNSURE - LEANING OPEN,2023-08-02 17:43:31,2023-08-02
2023-08-07,Landen Deerfield,0.749859631061554,UNSURE - LEANING OPEN,2023-08-02 17:43:31,2023-08-02
2023-08-08,Landen Deerfield,0.5737305283546448,UNSURE - LEANING OPEN,2023-08-02 17:43:31,2023-08-02
2023-08-09,Landen Deerfield,0.9386544227600098,OPEN - VERY LIKELY,2023-08-02 17:43:31,2023-08-02
2023-08-04,Milford Trails,0.8837863802909851,OPEN - LIKELY,2023-08-04 17:53:47,2023-08-04
2023-08-05,Milford Trails,0.8837863802909851,OPEN - LIKELY,2023-08-04 17:53:47,2023-08-04
2023-08-06,Milford Trails,0.8812772035598755,OPEN - LIKELY,2023-08-04 17:53:47,2023-08-04
2023-08-07,Milford Trails,0.8604600429534912,OPEN - LIKELY,2023-08-04 17:53:47,2023-08-04
2023-08-08,Milford Trails,0.8691415190696716,OPEN - LIKELY,2023-08-04 17:53:47,2023-08-04
2023-08-09,Milford Trails,0.8812772035598755,OPEN - LIKELY,2023-08-04 17:53:47,2023-08-04
2023-08-10,Milford Trails,0.8604600429534912,OPEN - LIKELY,2023-08-04 17:53:47,2023-08-04
2023-08-11,Milford Trails,0.8761444091796875,OPEN - LIKELY,2023-08-04 17:53:47,2023-08-04
2023-08-04,Tower Park,0.891092836856842,OPEN - LIKELY,2023-08-04 17:53:47,2023-08-04
2023-08-05,Tower Park,0.951909601688385,OPEN - VERY LIKELY,2023-08-04 17:53:47,2023-08-04
2023-08-06,Tower Park,0.9090676307678223,OPEN - VERY LIKELY,2023-08-04 17:53:47,2023-08-04
2023-08-07,Tower Park,0.5066157579421997,UNSURE - LEANING OPEN,2023-08-04 17:53:47,2023-08-04
2023-08-08,Tower Park,0.5554489493370056,UNSURE - LEANING OPEN,2023-08-04 17:53:47,2023-08-04
2023-08-09,Tower Park,0.8708593845367432,OPEN - LIKELY,2023-08-04 17:53:47,2023-08-04
2023-08-10,Tower Park,0.5511301159858704,UNSURE - LEANING OPEN,2023-08-04 17:53:47,2023-08-04
2023-08-11,Tower Park,0.760744035243988,OPEN - LIKELY,2023-08-04 17:53:47,2023-08-04
2023-08-04,Devou Park,0.781709611415863,OPEN - LIKELY,2023-08-04 17:53:47,2023-08-04
2023-08-05,Devou Park,0.7810397744178772,OPEN - LIKELY,2023-08-04 17:53:47,2023-08-04
2023-08-06,Devou Park,0.6735885739326477,UNSURE - LEANING OPEN,2023-08-04 17:53:47,2023-08-04
2023-08-07,Devou Park,0.2342834323644638,CLOSED - LIKELY,2023-08-04 17:53:47,2023-08-04
2023-08-08,Devou Park,0.4540150463581085,UNSURE - LEANING CLOSED,2023-08-04 17:53:47,2023-08-04
2023-08-09,Devou Park,0.6822707653045654,UNSURE - LEANING OPEN,2023-08-04 17:53:47,2023-08-04
2023-08-10,Devou Park,0.23394878208637238,CLOSED - LIKELY,2023-08-04 17:53:47,2023-08-04
2023-08-11,Devou Park,0.46434715390205383,UNSURE - LEANING CLOSED,2023-08-04 17:53:47,2023-08-04
2023-08-04,England Idlewild,0.6832440495491028,UNSURE - LEANING OPEN,2023-08-04 17:53:47,2023-08-04
2023-08-05,England Idlewild,0.6866939663887024,UNSURE - LEANING OPEN,2023-08-04 17:53:47,2023-08-04
2023-08-06,England Idlewild,0.6529108881950378,UNSURE - LEANING OPEN,2023-08-04 17:53:47,2023-08-04
2023-08-07,England Idlewild,0.4890114367008209,UNSURE - LEANING CLOSED,2023-08-04 17:53:47,2023-08-04
2023-08-08,England Idlewild,0.5052362680435181,UNSURE - LEANING OPEN,2023-08-04 17:53:47,2023-08-04
2023-08-09,England Idlewild,0.6295225024223328,UNSURE - LEANING OPEN,2023-08-04 17:53:47,2023-08-04
2023-08-10,England Idlewild,0.4829774796962738,UNSURE - LEANING CLOSED,2023-08-04 17:53:47,2023-08-04
2023-08-11,England Idlewild,0.5014923214912415,UNSURE - LEANING OPEN,2023-08-04 17:53:47,2023-08-04
2023-08-04,Hueston Woods,0.898019552230835,OPEN - LIKELY,2023-08-04 17:53:47,2023-08-04
2023-08-05,Hueston Woods,0.9284960627555847,OPEN - VERY LIKELY,2023-08-04 17:53:47,2023-08-04
2023-08-06,Hueston Woods,0.8585495948791504,OPEN - LIKELY,2023-08-04 17:53:47,2023-08-04
2023-08-07,Hueston Woods,0.5814546346664429,UNSURE - LEANING OPEN,2023-08-04 17:53:47,2023-08-04
2023-08-08,Hueston Woods,0.6319031715393066,UNSURE - LEANING OPEN,2023-08-04 17:53:47,2023-08-04
2023-08-09,Hueston Woods,0.8911857008934021,OPEN - LIKELY,2023-08-04 17:53:47,2023-08-04
2023-08-10,Hueston Woods,0.5583687424659729,UNSURE - LEANING OPEN,2023-08-04 17:53:47,2023-08-04
2023-08-11,Hueston Woods,0.7160740494728088,UNSURE - LEANING OPEN,2023-08-04 17:53:47,2023-08-04
2023-08-04,Premier Health Bike Park,0.6574472784996033,UNSURE - LEANING OPEN,2023-08-04 17:53:47,2023-08-04
2023-08-05,Premier Health Bike Park,0.892789363861084,OPEN - LIKELY,2023-08-04 17:53:47,2023-08-04
2023-08-06,Premier Health Bike Park,0.7252562046051025,UNSURE - LEANING OPEN,2023-08-04 17:53:47,2023-08-04
2023-08-07,Premier Health Bike Park,0.37819695472717285,UNSURE - LEANING CLOSED,2023-08-04 17:53:47,2023-08-04
2023-08-08,Premier Health Bike Park,0.29412034153938293,UNSURE - LEANING CLOSED,2023-08-04 17:53:47,2023-08-04
2023-08-09,Premier Health Bike Park,0.41743355989456177,UNSURE - LEANING CLOSED,2023-08-04 17:53:47,2023-08-04
2023-08-10,Premier Health Bike Park,0.3729012608528137,UNSURE - LEANING CLOSED,2023-08-04 17:53:47,2023-08-04
2023-08-11,Premier Health Bike Park,0.35258588194847107,UNSURE - LEANING CLOSED,2023-08-04 17:53:47,2023-08-04
2023-08-04,Caesar Creek,0.9155805110931396,OPEN - VERY LIKELY,2023-08-04 17:53:47,2023-08-04
2023-08-05,Caesar Creek,0.8750117421150208,OPEN - LIKELY,2023-08-04 17:53:47,2023-08-04
2023-08-06,Caesar Creek,0.6711276769638062,UNSURE - LEANING OPEN,2023-08-04 17:53:47,2023-08-04
2023-08-07,Caesar Creek,0.3260749876499176,UNSURE - LEANING CLOSED,2023-08-04 17:53:47,2023-08-04
2023-08-08,Caesar Creek,0.6002618670463562,UNSURE - LEANING OPEN,2023-08-04 17:53:47,2023-08-04
2023-08-09,Caesar Creek,0.7685832977294922,OPEN - LIKELY,2023-08-04 17:53:47,2023-08-04
2023-08-10,Caesar Creek,0.3526172637939453,UNSURE - LEANING CLOSED,2023-08-04 17:53:47,2023-08-04
2023-08-11,Caesar Creek,0.7872057557106018,OPEN - LIKELY,2023-08-04 17:53:47,2023-08-04
2023-08-04,Harbin Park,0.8730222582817078,OPEN - LIKELY,2023-08-04 17:53:47,2023-08-04
2023-08-05,Harbin Park,0.8692438006401062,OPEN - LIKELY,2023-08-04 17:53:47,2023-08-04
2023-08-06,Harbin Park,0.7385886311531067,UNSURE - LEANING OPEN,2023-08-04 17:53:47,2023-08-04
2023-08-07,Harbin Park,0.24016742408275604,CLOSED - LIKELY,2023-08-04 17:53:47,2023-08-04
2023-08-08,Harbin Park,0.6746761202812195,UNSURE - LEANING OPEN,2023-08-04 17:53:47,2023-08-04
2023-08-09,Harbin Park,0.7947746515274048,OPEN - LIKELY,2023-08-04 17:53:47,2023-08-04
2023-08-10,Harbin Park,0.20833547413349152,CLOSED - LIKELY,2023-08-04 17:53:47,2023-08-04
2023-08-11,Harbin Park,0.7500340342521667,OPEN - LIKELY,2023-08-04 17:53:47,2023-08-04
2023-08-04,Mount Airy Forest,0.8259764909744263,OPEN - LIKELY,2023-08-04 17:53:47,2023-08-04
2023-08-05,Mount Airy Forest,0.8250981569290161,OPEN - LIKELY,2023-08-04 17:53:47,2023-08-04
2023-08-06,Mount Airy Forest,0.6369369029998779,UNSURE - LEANING OPEN,2023-08-04 17:53:47,2023-08-04
2023-08-07,Mount Airy Forest,0.3191884160041809,UNSURE - LEANING CLOSED,2023-08-04 17:53:47,2023-08-04
2023-08-08,Mount Airy Forest,0.5789989233016968,UNSURE - LEANING OPEN,2023-08-04 17:53:47,2023-08-04
2023-08-09,Mount Airy Forest,0.6360265612602234,UNSURE - LEANING OPEN,2023-08-04 17:53:47,2023-08-04
2023-08-10,Mount Airy Forest,0.291506826877594,UNSURE - LEANING CLOSED,2023-08-04 17:53:47,2023-08-04
2023-08-11,Mount Airy Forest,0.630081057548523,UNSURE - LEANING OPEN,2023-08-04 17:53:47,2023-08-04
2023-08-04,Mitchell Memorial Forest,0.7132312655448914,UNSURE - LEANING OPEN,2023-08-04 17:53:47,2023-08-04
2023-08-05,Mitchell Memorial Forest,0.6260802149772644,UNSURE - LEANING OPEN,2023-08-04 17:53:47,2023-08-04
2023-08-06,Mitchell Memorial Forest,0.693859338760376,UNSURE - LEANING OPEN,2023-08-04 17:53:47,2023-08-04
2023-08-07,Mitchell Memorial Forest,0.2762264609336853,UNSURE - LEANING CLOSED,2023-08-04 17:53:47,2023-08-04
2023-08-08,Mitchell Memorial Forest,0.6877667307853699,UNSURE - LEANING OPEN,2023-08-04 17:53:47,2023-08-04
2023-08-09,Mitchell Memorial Forest,0.6688331365585327,UNSURE - LEANING OPEN,2023-08-04 17:53:47,2023-08-04
2023-08-10,Mitchell Memorial Forest,0.3782216012477875,UNSURE - LEANING CLOSED,2023-08-04 17:53:47,2023-08-04
2023-08-11,Mitchell Memorial Forest,0.6829457879066467,UNSURE - LEANING OPEN,2023-08-04 17:53:47,2023-08-04
2023-08-04,East Fork State Park,0.5725014805793762,UNSURE - LEANING OPEN,2023-08-04 17:53:47,2023-08-04
2023-08-05,East Fork State Park,0.6073676943778992,UNSURE - LEANING OPEN,2023-08-04 17:53:47,2023-08-04
2023-08-06,East Fork State Park,0.6176497936248779,UNSURE - LEANING OPEN,2023-08-04 17:53:47,2023-08-04
2023-08-07,East Fork State Park,0.5221041440963745,UNSURE - LEANING OPEN,2023-08-04 17:53:47,2023-08-04
2023-08-08,East Fork State Park,0.4363223612308502,UNSURE - LEANING CLOSED,2023-08-04 17:53:47,2023-08-04
2023-08-09,East Fork State Park,0.6063873171806335,UNSURE - LEANING OPEN,2023-08-04 17:53:47,2023-08-04
2023-08-10,East Fork State Park,0.5061979293823242,UNSURE - LEANING OPEN,2023-08-04 17:53:47,2023-08-04
2023-08-11,East Fork State Park,0.5177445411682129,UNSURE - LEANING OPEN,2023-08-04 17:53:47,2023-08-04
2023-08-04,Landen Deerfield,0.9101063013076782,OPEN - VERY LIKELY,2023-08-04 17:53:47,2023-08-04
2023-08-05,Landen Deerfield,0.9008647203445435,OPEN - VERY LIKELY,2023-08-04 17:53:47,2023-08-04
2023-08-06,Landen Deerfield,0.6963536739349365,UNSURE - LEANING OPEN,2023-08-04 17:53:47,2023-08-04
2023-08-07,Landen Deerfield,0.3426838219165802,UNSURE - LEANING CLOSED,2023-08-04 17:53:47,2023-08-04
2023-08-08,Landen Deerfield,0.6454371809959412,UNSURE - LEANING OPEN,2023-08-04 17:53:47,2023-08-04
2023-08-09,Landen Deerfield,0.763164758682251,OPEN - LIKELY,2023-08-04 17:53:47,2023-08-04
2023-08-10,Landen Deerfield,0.3177376091480255,UNSURE - LEANING CLOSED,2023-08-04 17:53:47,2023-08-04
2023-08-11,Landen Deerfield,0.7278634905815125,UNSURE - LEANING OPEN,2023-08-04 17:53:47,2023-08-04
